isolate,pbr_res,dataset
35028,1,cumc
35074,0,cumc
35082,0,cumc
35128,0,cumc
35148,1,cumc
35208F,0,cumc
35220,1,cumc
35231,1,cumc
35339,0,cumc
KP0035,1,cumc
KP0038,1,cumc
KP0040,0,cumc
KP0070,0,cumc
KP0092,0,cumc
KP0099,0,cumc
KP0100,1,cumc
KP0104,0,cumc
KP0108,0,cumc
KP0126,1,cumc
KP0177,1,cumc
KP0228,0,cumc
KP0231,1,cumc
KP0285,1,cumc
KP0286,1,cumc
KP0292,0,cumc
KP0321,0,cumc
KP0430,1,cumc
KP0487,0,cumc
KP0516,1,cumc
KP0662,1,cumc
KP0704,1,cumc
KP0713,1,cumc
KP0714,1,cumc
KP0728,0,cumc
KP0732,0,cumc
KP0833,0,cumc
KP0835,1,cumc
KP1003,0,cumc
KP1026,0,cumc
NR0017,0,cumc
NR0018,1,cumc
NR0035,1,cumc
NR0063,1,cumc
NR0069,1,cumc
NR0171,0,cumc
NR0219,0,cumc
NR0225,1,cumc
NR0234,0,cumc
NR0249,0,cumc
NR0325,1,cumc
NR0326,1,cumc
NR0330,0,cumc
NR0343,0,cumc
NR0350,0,cumc
NR0390,0,cumc
NR0416,0,cumc
NR0420,0,cumc
NR0423,0,cumc
NR0443,0,cumc
NR0559,0,cumc
NR0582,1,cumc
NR0625,1,cumc
NR0626,0,cumc
NR0653,1,cumc
NR0711,1,cumc
NR0787,0,cumc
NR0789,1,cumc
NR0853,1,cumc
NR0891,0,cumc
NR0895,0,cumc
NR0901,1,cumc
NR0932,0,cumc
NR1091,1,cumc
NR1113,0,cumc
NR1155,0,cumc
NR1202,0,cumc
NR1312,0,cumc
NR1362,1,cumc
NR1437,0,cumc
NR1525,0,cumc
NR1532,1,cumc
NR1588,0,cumc
NR1611,0,cumc
NR1750,1,cumc
NR2316,1,cumc
NR2357,0,cumc
NR2393,1,cumc
NR2419,1,cumc
NR2433,1,cumc
NR2435,0,cumc
NR2444,0,cumc
NR2507,1,cumc
NR2520,1,cumc
NR2567,1,cumc
NR2603,1,cumc
NR3353,1,cumc
NR3422,1,cumc
NR4114,1,cumc
NR4191,1,cumc
NR4448,1,cumc
NR4647,1,cumc
NR4929,1,cumc
NR5048,1,cumc
NR5051,1,cumc
NR5052,1,cumc
NR5053,1,cumc
NR5060,1,cumc
NR5068,1,cumc
NR5073,1,cumc
NR5082,1,cumc
NR5091,1,cumc
NR5092,1,cumc
NR5093,1,cumc
NR5094,1,cumc
NR5095,1,cumc
NR5097,1,cumc
NR5099,1,cumc
NR5105,1,cumc
NR5197,1,cumc
NR5256,0,cumc
NR5287,0,cumc
NR5292,1,cumc
NR5337,0,cumc
NR5415,0,cumc
NR5424,1,cumc
NR5433,1,cumc
NR5437,1,cumc
NR5447,1,cumc
NR5448,1,cumc
NR5451,1,cumc
NR5452,0,cumc
NR5456,0,cumc
NR5462,0,cumc
NR5466,0,cumc
NR5474,0,cumc
NR5644,0,cumc
NR6153,0,cumc
NR6211,1,cumc
