isolate,pbr_res,dataset
SRR1166945,0,deleo
SRR1166946,0,deleo
SRR1166947,0,deleo
SRR1166948,0,deleo
SRR1166949,0,deleo
SRR1166950,0,deleo
SRR1166951,0,deleo
SRR1166952,1,deleo
SRR1166953,1,deleo
SRR1166954,0,deleo
SRR1166955,1,deleo
SRR1166956,0,deleo
SRR1166957,1,deleo
SRR1166958,0,deleo
SRR1166959,0,deleo
SRR1166960,0,deleo
SRR1166961,1,deleo
SRR1166962,0,deleo
SRR1166963,1,deleo
SRR1166964,0,deleo
SRR1166965,0,deleo
SRR1166966,1,deleo
SRR1166967,0,deleo
SRR1166968,0,deleo
SRR1166969,1,deleo
SRR1166970,1,deleo
SRR1166971,1,deleo
SRR1166972,1,deleo
SRR1166973,1,deleo
SRR1166974,0,deleo
SRR1166976,1,deleo
SRR1166977,0,deleo
SRR1166978,0,deleo
SRR1166979,0,deleo
SRR1166980,0,deleo
SRR1166981,0,deleo
SRR1167010,1,deleo
SRR1167011,1,deleo
SRR1167012,1,deleo
SRR1167013,0,deleo
SRR1167014,0,deleo
SRR1167015,0,deleo
SRR1167016,0,deleo
SRR1167017,0,deleo
SRR1167018,0,deleo
SRR1167019,1,deleo
SRR1167020,0,deleo
SRR1167021,1,deleo
SRR1167022,0,deleo
SRR1167023,0,deleo
SRR1167024,0,deleo
SRR1167025,0,deleo
SRR1167026,0,deleo
SRR1167027,0,deleo
SRR1167028,0,deleo
SRR1166975,1,deleo
SRR5931416,0,kwong
SRR5931378,0,kwong
SRR5931368,0,kwong
SRR5931387,0,kwong
SRR5931420,0,kwong
SRR5931342,0,kwong
SRR5931397,1,kwong
SRR5931364,0,kwong
SRR5931358,0,kwong
SRR5931384,0,kwong
SRR5931347,0,kwong
SRR5931354,0,kwong
SRR5931390,0,kwong
SRR5931301,0,kwong
SRR5931379,0,kwong
SRR5931382,0,kwong
SRR5931401,0,kwong
SRR5931399,0,kwong
SRR5931337,0,kwong
SRR5931339,0,kwong
SRR5931371,0,kwong
SRR5931303,0,kwong
SRR5931377,0,kwong
SRR5931385,0,kwong
SRR5931426,0,kwong
SRR5931340,0,kwong
SRR5931341,0,kwong
SRR5931415,0,kwong
SRR5931389,0,kwong
SRR5931417,0,kwong
SRR5931350,0,kwong
SRR5931343,0,kwong
SRR5931373,0,kwong
SRR5931421,0,kwong
SRR5931300,0,kwong
SRR5931363,0,kwong
SRR5931372,0,kwong
SRR5931381,0,kwong
SRR5931369,0,kwong
SRR5931419,0,kwong
SRR5931334,0,kwong
SRR5931370,0,kwong
SRR5931374,0,kwong
SRR5931413,0,kwong
SRR5931391,0,kwong
SRR5931422,0,kwong
SRR5931412,0,kwong
SRR5931405,0,kwong
SRR5931423,0,kwong
SRR5931376,0,kwong
SRR5931317,0,kwong
SRR5931345,0,kwong
SRR5931380,0,kwong
SRR5931323,0,kwong
SRR5931336,0,kwong
SRR5931346,0,kwong
SRR5931386,0,kwong
SRR5931311,0,kwong
SRR5931332,0,kwong
SRR5931410,0,kwong
SRR5931326,0,kwong
SRR5931331,0,kwong
SRR5931357,0,kwong
SRR5931360,0,kwong
SRR5931324,0,kwong
SRR5931418,0,kwong
SRR5931291,0,kwong
SRR5931328,0,kwong
SRR5931344,0,kwong
SRR5931335,0,kwong
SRR5931404,0,kwong
SRR5931299,1,kwong
SRR5931333,0,kwong
SRR5931356,0,kwong
SRR5931362,0,kwong
SRR5931365,0,kwong
SRR5931327,0,kwong
SRR5931375,0,kwong
SRR5931407,0,kwong
SRR5931315,0,kwong
SRR5931359,0,kwong
SRR5931366,0,kwong
SRR5931329,0,kwong
SRR5931402,0,kwong
SRR5931414,0,kwong
SRR5931406,0,kwong
SRR5931295,0,kwong
SRR5931308,0,kwong
SRR5931309,0,kwong
SRR5931330,0,kwong
SRR5931393,0,kwong
SRR5931394,0,kwong
SRR5931400,0,kwong
SRR5931409,0,kwong
SRR5931396,0,kwong
SRR5931294,0,kwong
SRR5931297,0,kwong
SRR5931307,0,kwong
SRR5931408,0,kwong
SRR5931296,0,kwong
SRR5931314,0,kwong
SRR5931361,0,kwong
SRR5931321,0,kwong
SRR5931322,0,kwong
SRR5931306,0,kwong
SRR5931392,0,kwong
SRR5931313,0,kwong
SRR5931292,0,kwong
SRR5931348,0,kwong
SRR5931312,0,kwong
SRR5931351,0,kwong
SRR5931349,0,kwong
SRR5931367,0,kwong
SRR5931293,0,kwong
SRR5931319,0,kwong
SRR5931310,0,kwong
SRR5931320,0,kwong
SRR5931302,0,kwong
SRR5931355,0,kwong
SRR5931403,0,kwong
SRR5931411,0,kwong
SRR5931353,0,kwong
SRR5931424,0,kwong
SRR5931352,0,kwong
SRR849602,0,wright
SRR849539,0,wright
SRR849530,1,wright
SRR849548,0,wright
SRR849679,0,wright
SRR849787,0,wright
SRR849802,0,wright
SRR849803,0,wright
SRR849805,0,wright
SRR849557,0,wright
SRR849542,0,wright
SRR849543,1,wright
SRR849786,0,wright
SRR849681,0,wright
SRR849600,0,wright
SRR849784,0,wright
SRR849533,0,wright
SRR849536,0,wright
SRR849537,0,wright
SRR849597,0,wright
SRR849532,0,wright
SRR849546,0,wright
SRR849534,0,wright
SRR849545,0,wright
SRR849529,0,wright
SRR849682,1,wright
SRR849540,0,wright
SRR849528,1,wright
SRR849650,1,wright
SRR849538,0,wright
SRR849531,0,wright
SRR849598,0,wright
SRR849547,0,wright
SRR849806,0,wright
SRR849807,0,wright
SRR849808,0,wright
SRR849827,0,wright
SRR849840,1,wright
SRR849809,0,wright
SRR849826,0,wright
SRR849841,0,wright
SRR849872,0,wright
SRR849549,0,wright
SRR849550,0,wright
SRR848923,0,wright
SRR849551,1,wright
SRR849552,0,wright
SRR849553,0,wright
SRR849554,1,wright
SRR849555,0,wright
SRR849556,0,wright
