isolate,pbr_res,dataset
35028,1,cumc
35074,0,cumc
35082,0,cumc
35099,0,cumc
35106,0,cumc
35128,0,cumc
35148,1,cumc
35148B,0,cumc
35148C,0,cumc
35172,0,cumc
35172B,0,cumc
35172C,0,cumc
35181,1,cumc
35208F,0,cumc
35220,1,cumc
35229,0,cumc
35231,1,cumc
35235,0,cumc
35240,1,cumc
35244,1,cumc
35260,0,cumc
35339,0,cumc
KP0035,1,cumc
KP0038,1,cumc
KP0040,0,cumc
KP0070,0,cumc
KP0092,0,cumc
KP0099,0,cumc
KP0100,1,cumc
KP0104,0,cumc
KP0108,0,cumc
KP0126,1,cumc
KP0177,1,cumc
KP0228,0,cumc
KP0231,1,cumc
KP0285,1,cumc
KP0286,1,cumc
KP0292,0,cumc
KP0321,0,cumc
KP0430,1,cumc
KP0487,0,cumc
KP0516,1,cumc
KP0542,1,cumc
KP0662,1,cumc
KP0704,1,cumc
KP0713,1,cumc
KP0714,1,cumc
KP0728,0,cumc
KP0732,0,cumc
KP0833,0,cumc
KP0835,1,cumc
KP1003,0,cumc
KP1023,0,cumc
KP1026,0,cumc
NR0017,0,cumc
NR0018,1,cumc
NR0035,1,cumc
NR0063,1,cumc
NR0069,1,cumc
NR0084,1,cumc
NR0114,1,cumc
NR0171,0,cumc
NR0219,0,cumc
NR0225,1,cumc
NR0234,0,cumc
NR0249,0,cumc
NR0258,1,cumc
NR0270,0,cumc
NR0325,1,cumc
NR0326,1,cumc
NR0330,0,cumc
NR0343,0,cumc
NR0350,0,cumc
NR0364,0,cumc
NR0390,0,cumc
NR0416,0,cumc
NR0420,0,cumc
NR0423,0,cumc
NR0443,0,cumc
NR0478,0,cumc
NR0559,0,cumc
NR0582,1,cumc
NR0624,0,cumc
NR0625,1,cumc
NR0626,0,cumc
NR0653,1,cumc
NR0657,0,cumc
NR0686,0,cumc
NR0693,0,cumc
NR0711,1,cumc
NR0787,0,cumc
NR0789,1,cumc
NR0853,1,cumc
NR0891,0,cumc
NR0895,0,cumc
NR0901,1,cumc
NR0932,0,cumc
NR0999,1,cumc
NR1045,1,cumc
NR1091,1,cumc
NR1113,0,cumc
NR1155,0,cumc
NR1202,0,cumc
NR1312,0,cumc
NR1361,0,cumc
NR1362,1,cumc
NR1437,0,cumc
NR1498,1,cumc
NR1525,0,cumc
NR1532,1,cumc
NR1588,0,cumc
NR1611,0,cumc
NR1644,1,cumc
NR1678,1,cumc
NR1679,0,cumc
NR1680,1,cumc
NR1749,1,cumc
NR1750,1,cumc
NR2316,1,cumc
NR2357,0,cumc
NR2363,0,cumc
NR2393,1,cumc
NR2419,1,cumc
NR2433,1,cumc
NR2435,0,cumc
NR2444,0,cumc
NR2507,1,cumc
NR2520,1,cumc
NR2529,1,cumc
NR2567,1,cumc
NR2603,1,cumc
NR2639,1,cumc
NR2865,0,cumc
NR3353,1,cumc
NR3422,1,cumc
NR4114,1,cumc
NR4191,1,cumc
NR4448,1,cumc
NR4647,1,cumc
NR4929,1,cumc
NR5048,1,cumc
NR5051,1,cumc
NR5052,1,cumc
NR5053,1,cumc
NR5054,1,cumc
NR5055,1,cumc
NR5060,1,cumc
NR5062,1,cumc
NR5066,1,cumc
NR5068,1,cumc
NR5069,1,cumc
NR5071,1,cumc
NR5073,1,cumc
NR5080,1,cumc
NR5082,1,cumc
NR5083,1,cumc
NR5087,1,cumc
NR5089,1,cumc
NR5090,1,cumc
NR5091,1,cumc
NR5092,1,cumc
NR5093,1,cumc
NR5094,1,cumc
NR5095,1,cumc
NR5097,1,cumc
NR5099,1,cumc
NR5105,1,cumc
NR5107,1,cumc
NR5113,1,cumc
NR5197,1,cumc
NR5256,0,cumc
NR5280,1,cumc
NR5287,0,cumc
NR5292,1,cumc
NR5337,0,cumc
NR5415,0,cumc
NR5417,1,cumc
NR5418,1,cumc
NR5419,1,cumc
NR5422,1,cumc
NR5424,1,cumc
NR5433,1,cumc
NR5436,1,cumc
NR5437,1,cumc
NR5447,1,cumc
NR5448,1,cumc
NR5451,1,cumc
NR5452,0,cumc
NR5453,1,cumc
NR5456,0,cumc
NR5461,1,cumc
NR5462,0,cumc
NR5464,1,cumc
NR5466,0,cumc
NR5474,0,cumc
NR5476,1,cumc
NR5486,1,cumc
NR5644,0,cumc
NR6153,0,cumc
NR6211,1,cumc
NR5445,1,cumc
SRR1166945,0,deleo
SRR1166946,0,deleo
SRR1166947,0,deleo
SRR1166948,0,deleo
SRR1166949,0,deleo
SRR1166950,0,deleo
SRR1166951,0,deleo
SRR1166952,1,deleo
SRR1166953,1,deleo
SRR1166954,0,deleo
SRR1166955,1,deleo
SRR1166956,0,deleo
SRR1166957,1,deleo
SRR1166958,0,deleo
SRR1166959,0,deleo
SRR1166960,0,deleo
SRR1166961,1,deleo
SRR1166962,0,deleo
SRR1166963,1,deleo
SRR1166964,0,deleo
SRR1166965,0,deleo
SRR1166966,1,deleo
SRR1166967,0,deleo
SRR1166968,0,deleo
SRR1166969,1,deleo
SRR1166970,1,deleo
SRR1166971,1,deleo
SRR1166972,1,deleo
SRR1166973,1,deleo
SRR1166974,0,deleo
SRR1166976,1,deleo
SRR1166977,0,deleo
SRR1166978,0,deleo
SRR1166979,0,deleo
SRR1166980,0,deleo
SRR1166981,0,deleo
SRR1167010,1,deleo
SRR1167011,1,deleo
SRR1167012,1,deleo
SRR1167013,0,deleo
SRR1167014,0,deleo
SRR1167015,0,deleo
SRR1167016,0,deleo
SRR1167017,0,deleo
SRR1167018,0,deleo
SRR1167019,1,deleo
SRR1167020,0,deleo
SRR1167021,1,deleo
SRR1167022,0,deleo
SRR1167023,0,deleo
SRR1167024,0,deleo
SRR1167025,0,deleo
SRR1167026,0,deleo
SRR1167027,0,deleo
SRR1167028,0,deleo
SRR1166975,1,deleo
SRR849602,0,wright
SRR849539,0,wright
SRR849530,1,wright
SRR849548,0,wright
SRR849679,0,wright
SRR849787,0,wright
SRR849802,0,wright
SRR849803,0,wright
SRR849805,0,wright
SRR849557,0,wright
SRR849542,0,wright
SRR849543,1,wright
SRR849786,0,wright
SRR849681,0,wright
SRR849600,0,wright
SRR849784,0,wright
SRR849533,0,wright
SRR849536,0,wright
SRR849537,0,wright
SRR849597,0,wright
SRR849532,0,wright
SRR849546,0,wright
SRR849534,0,wright
SRR849545,0,wright
SRR849529,0,wright
SRR849682,1,wright
SRR849540,0,wright
SRR849528,1,wright
SRR849650,1,wright
SRR849538,0,wright
SRR849531,0,wright
SRR849598,0,wright
SRR849547,0,wright
SRR849806,0,wright
SRR849807,0,wright
SRR849808,0,wright
SRR849827,0,wright
SRR849840,1,wright
SRR849809,0,wright
SRR849826,0,wright
SRR849841,0,wright
SRR849872,0,wright
SRR849549,0,wright
SRR849550,0,wright
SRR848923,0,wright
SRR849551,1,wright
SRR849552,0,wright
SRR849553,0,wright
SRR849554,1,wright
SRR849555,0,wright
SRR849556,0,wright
